UUID,Prompt,Generated Sequence,Score
3222cf5702c144668b9bd4e9ef001ec7,ATGGATTTGGTTGGGAAAAATAACGCATTTTCGTTTTCCCCGACTAAAGGGATAAAGCCCAGCGATTTATAAAACGTATGGGCTTTTTCATTCAGCGCCTCGACAAAAAGACCGTGAATACCTACCGCTAAAGAGGCTGACCAGACGACGTTCATGGCATGAGCAACCAGTGTTGCTCCCCATCCCTGCCCCTGTAATGAACGATCAATTGCCAGACGCCCAAGAGTAACGCTGGGAATATTTTTGTAGGGAATTTTTTTCTGTTTCGATTTCGAGGGCAATGCGGCTCGTTCAAAACAACTGCCGCATAATGTGTAATATCCCAGCACCTGACGTTCTGGAGTGTTGCGACAAAGGATATACGCTCGCAGAATTTTGTTGCGATGTTGACGAACGAGATGTGTCGTCAGAAAGAGATTTAACGCTTCCTCGCCGCAGTCGAATCGCTGTAGATCATAATCTGCATCATCGGTCAGAATCTCTATCGTCAGATCATCCAT,TACGCTGTGCCTCATAGCGATTGAAAGCCCGACGCAGACGGTCATTTGGTTCGGTTGGAGCATCAAGCGCTGCCAGAATCCGTTCGAAATCCTCGGCAGAAAGTATCAATTCTCGGCGTTCCAGCGCATATTTATCAGCTTCTTCACAGGCTTCACGTAACACAAAAGAGGTGGCGCTACGTCCAATCATAAATGCGGCTTTTTCGATGACATCACGGTCGATGTCGCGAACACGAAGGCTAAGAGTTGCATCTTTTTTAAGTTTTAGTGCAGTTTTCATAATGATGTCTCACAACCTAAGTGTGTATACAGTAAAATGTAGTGTGTCACAATGCGATGTCAACGGCGATCATGATGTTGTCAGTGAAGGGAAACCGCGCCATAGTCGGTTTTCCTTTTTTGCGTGCTCTTAGCCTGAGCGGGAGATCGACTACGCTCCCTTCGGGCAGAGTCCAGTCGAAAAATAAAAAACAACAAAAACAAGGGGGCTTAAGCCCCCTTGTGTTCACTATTCAACTTATGCTTTAACTTTCGCCAGTGCTGCTTTGGCTTCGTTCAGCCCGGCACCGATCTCTTTCAGCTGGAACTCGTCTTTGGTGGATGCCGCTGCTGCGCTGGCTTTTTTCAGCTGAGCTTCGGCAGCATCAAACTGGCCAGTCAGCGCGCCGTATTCGGCCTGCACCGCATTCACGCGGCCAACGCTTTTAGCCGCTTCGGCATAGGTGACCGCTTTGGTGTAGTAGCTGTCAGCTTTGCCCATGAAGCTCGCCGCGCTGGCGCTGTCGCCCGCTGCGGTGTACGCCGCAGAAGCGTTATCAAACTCATTCGCTTTGGCGTACTGGTTGCCCAGACGTTCCTGAATCGCGGCATCCGACGGACGCTGCTTCACTTCGCTCTGCAGCTGGGCGATTTTGTTCTGGTTGGCGGCGTTACCCGCTGCGTTCCACGCGGCCAGCTGGCTGTTCCAGTCCGCACTGTTGCCGTCGCCGGTCAGGCTGGT,-2.1465037
db8ba0641134426ab1761564786081f8,ATGGATTTGGTTGGGAAAAATAACGCATTTTCGTTTTCCCCGACTAAAGGGATAAAGCCCAGCGATTTATAAAACGTATGGGCTTTTTCATTCAGCGCCTCGACAAAAAGACCGTGAATACCTACCGCTAAAGAGGCTGACCAGACGACGTTCATGGCATGAGCAACCAGTGTTGCTCCCCATCCCTGCCCCTGTAATGAACGATCAATTGCCAGACGCCCAAGAGTAACGCTGGGAATATTTTTGTAGGGAATTTTTTTCTGTTTCGATTTCGAGGGCAATGCGGCTCGTTCAAAACAACTGCCGCATAATGTGTAATATCCCAGCACCTGACGTTCTGGAGTGTTGCGACAAAGGATATACGCTCGCAGAATTTTGTTGCGATGTTGACGAACGAGATGTGTCGTCAGAAAGAGATTTAACGCTTCCTCGCCGCAGTCGAATCGCTGTAGATCATAATCTGCATCATCGGTCAGAATCTCTATCGTCAGATCATCCAT,CATTTCTGGCTGTCAGTCGGTTTGTAGTGTTGTAAAACGCGTTCAAGCCGTGGCTTGGGGCGCGGAGGATTGATCAGCGCATCAAAAAATTCCTCCTGCTGGGCGCGTGACAGGATAAAACGCTCCTGATCCGCAATCGCCTGTTTCGCTGCATCCAGCGCCGCTTGCACAACAAATTCGCTCAGGTTGCCCAATGAAGCCACGTTAGCGCGGGCGATAGCCTCACGCAGCCATTCATCTGCTTTTGCGCTCACTGCAACTGTTTGTAACATGGCTTATACTCCTTTTCGTTCATTTTTCGTCACTTTATGACGATAAGTGCAGTCTATACGTCATTATGACGAATAAAAAGGGTGCAAATCAGGCGCATTTATTTATTTTTAGATTCTGATGAAAATAAAAACGCCCGTCAGGGTGACGAGCGATTTAAGAAAAATGTCTTATCAATAAGCAATGAAGAAAGGCATCAAGCGCAGTAACGTTTCTGGACTTTCCAGCGTTGGGAAATGACCGACACCGTCTAAAACCTGCCAGTCACAGCCTTGTACCTGTTTCGCCAGCGGTATGCCTAACCACGGTGGCGTGACGGCATCACGCTGTCCCCAAAGCACCAGCATTGGCGTATTGATCGTCGGTAACAGTGTGTCCAGCGAAGTGGTCATCATGTATTGATACAGAGACTGGAAAATCGCAGGCTGATCTTTATCAACCGTCACCAACCAGTTCAGCGACCAACGCTTTTCGCCATCTTTTTCGGTGGGAATAGAGAGATGAAAAGCCTGACTAATACGCTGACGATTACGACAAAGTCGCGTCACAATTTCGCCGGTCAGCGGCCAGTTTTTCAGCGCCTGCAACAATGGATCTTTAACCCACTGCACCCGCGGCAGTGGATCAACCAGAATTAACTTATTCACATGGTGCGGTGCCAGTTGGGCAACACGCAGAGCAATCAAACCCCCCATTGAATTGCCCACCAGCACGACAGGCGCATCAATCA,-1.8936522
c00def422fc34bfbb0ae4aa19fe39c90,ATGAGTAGCTTTTTTTATAAGGAGATTTTACGAATGACGTTAAGATTCTTTACTGTAACTGATGAATATATAGCTTATTTACGTAAGTTTGAAAGTAAAGTTCATTATCAATATGAAAATAATGCCAGCACTTATGTAGGGGTTGTTTTGAAAAAGAATGATTTCAATTACTTTATACCTTTGTCAAGCTACAAAAAGGGGAACCCCGAGAAAGACAAAGCAATGAAAAAAAGAAGTCGAATAGTAACTAGACTTTTTGAAATTGGCAATATAAATAATCCTCTTGGATATTTATTACATCATAATATGATTCCAGTTCCTGACAGCGAATTAATACCCCTACCTTTAGATCTTAAGAAACCTAAACATAAAATGATGCAAAAACAACTAATTTATATGAAAAGTATCAGCGAAAAAATTGAAAATAAATCTGAAGTGGTATATAGAAAAGCTGCTCATGAAAAAGATGGATATTACTTAAAATTTTCCTGTGATTTTAAACTACTAGAAGCTAAAGCAACATTATATTCTAAGAAATCTACATTTCAATAA,ACATAATGACCAATCTATTTTTAAAAACTAATTTAATTTCTTAAATTTAATCATAATTAAAAGGTCAATAAAAGGCAAAGGAGAATGAAATACAAGGTTGGTTAATGATTTTTCTTTATTATTTCTGAAAGATTTAATTATGAAAAATGTTATTACATCAATTTAATTAGCACACTATATTAATACCATGAGAAGAAAGCAAAAAAACAGAAGGTCCTATGATGATATCACAAAGGACCTTCTGTTCATCTTAATAATTATATTCCAAAACAGTACTTACCTTAACCGCTTTATCATCCCCGATAATTTCACCAGTTTCATTAAATGTCATCTTACCTAGTTGGTCATTATTAGAGATTGCTTTTTCCCAAACCTTTTTAACATAACGTTCTGCATTAATCATTATTTCAGAGATAGTACCTTCCATTCCAAAATCTGCATGTATATCATTAATCTCTGATGTGTCTACTGGATGAAAAGGAAGTGTAACTAATACCTCATCCTTCGTTTTCACAGCAAGAAAATATAAGTATTTATCTAGATTTTGATATTTCTCTTGTACCTCTTTTAGAAAATAATCTCCTACTTCCAACTCATCTGCTTCGCATAATTCATGCAGCTCCTCGAAAAAAGCCTTTCCAAAGTTGACTTGATCTTTACTTTCATATACCTCAACAGTAAAAACTTTACTTCTATTTTTCATACACATCACTCCTCTAATAACTTTGAATTTTCATGAATATTTTACTATAATCATACCATAAGCAAAGGAGGATATTATGGGAAAAAAATTAACAGCCAAAGAGATTAAAAAAATATTAAAAGAAAAAGATATTGAGTTATCTGTCGATGAGGCTAAAACAATTGGAATTGGGCAAGCGCAAGTTTATAATTTGGTTAAATCCGGAGATCTAGATCGATTGGTTCATGGAATCTATAGATTAGCTGATGCTGAGCTTTCTGAGGAGAAAATTTTAGTAGCTATCCGAGAAAATTATGA,-1.4970459
b37057a4d2eb4b37adbdfd70a8cf6279,ATGAGTAGCTTTTTTTATAAGGAGATTTTACGAATGACGTTAAGATTCTTTACTGTAACTGATGAATATATAGCTTATTTACGTAAGTTTGAAAGTAAAGTTCATTATCAATATGAAAATAATGCCAGCACTTATGTAGGGGTTGTTTTGAAAAAGAATGATTTCAATTACTTTATACCTTTGTCAAGCTACAAAAAGGGGAACCCCGAGAAAGACAAAGCAATGAAAAAAAGAAGTCGAATAGTAACTAGACTTTTTGAAATTGGCAATATAAATAATCCTCTTGGATATTTATTACATCATAATATGATTCCAGTTCCTGACAGCGAATTAATACCCCTACCTTTAGATCTTAAGAAACCTAAACATAAAATGATGCAAAAACAACTAATTTATATGAAAAGTATCAGCGAAAAAATTGAAAATAAATCTGAAGTGGTATATAGAAAAGCTGCTCATGAAAAAGATGGATATTACTTAAAATTTTCCTGTGATTTTAAACTACTAGAAGCTAAAGCAACATTATATTCTAAGAAATCTACATTTCAATAA,TATTAATAATGAAACCAGAAATGGTTTCTTTTTTTATTTAAAAGGAAGGAGGTATTAGAATAATGGTACATAAAATACTTATTCAATCAAAAATTAATCGATTGGTTAGAAGAATGAAAAAGGAAAATAAACTTAACTACAATGAAGTAATCGACTTAATTGCAGATGCCATCGAAGAGAAAGTAAATAATAAAAATAATCAACTAGAAAAACTCATTAAACAGTATCAACAGGAAAAAGAAGAAATTGATGCTTTAAAAAAGAAAATACAAAAAATGCAGTCTAAATATAAAAAAAACAATTAAAAATAACACAAAAATCCAAAACAGTTCAATATTAAAAAAATTAAAATAAATTGGAGGAAATAAAAATGACAAAACAAATTAATAATCCAACAACAGAAATGAATACAGATGAAAAAAACCTTTTTAAAAAGTTAATTCCTCTAGGAGATACAAGACCTGAAATTCAAGATTGGATGCTCTATGCAAAGGACTATTTTGAATATTGGCAAATCGATGAAGACAATTTAGATGATGAAAATGAAGAAGAAATGTCTAAATTTGAAGCTTTTATTGAAATATTAAAAGAAATATCAGAAGAAGTTGAACAAATAGATAAAGAATGGGAAGAATTAGAAAAAGATGAGTTTGTAGAAAATGCAGATAATGATGAAGCACCTGAAACAAATGAAAAAACAAAAATAGTTTCTTCTATATCTAAATTAGGAAAGATATATGGAGTTATCTTAGAGTCAAAATCCCTTATGATTTTATATGAATATGATATGCAAAATTATATAATTGCATTATTTAATGAATATATAAATTTTATTCAGGAATATAAATTATTAAATATTGAATATGATAAAAATTTTATTGAACATAATTTCTCAAAAGAAATAGAAGAAGAATTACTTTGTATTATGACAAAATGTCCAAAAATAAGGTTTAAATAATTAAATGGAAAGAATCAATAATGATTCTTTTTTATTTGGAGG,-1.2939463
96849e7022864f04b2c2b938a4020dc3,ATGAAATTCTACACTATATCAAGCAAATACATTGAATATCTAAAGGAATTTGACGACAAGGTTCCCAATAGCGAAGATCCTACCTACCAAAATCCTAAGGCTTTCATTGGCATAGTATTAGAGATCCAGGGACATAAGTATCTAGCCCCTCTGACATCCCCAAAAAAGTGGCATAATAATGTTAAAGAGTCATCTCTTAGCTGCTTTAAGCTCCATGAAAACGGCGTGCCCGAAAATCAGCTTGGATTGATTAACCTGAAGTTCATGATTCCAATAATCGAAGCTGAAGTGTCCTTACTTGATTTGGGCAACATGCCTAATACCCCTTACAAGAGAATGCTCTATAAGCAGCTCCAGTTTATTCGTGCAAATTCTGATAAAATAGCTTCAAAATCAGATACTTTACGAAACCTCGTATTACAAGGAAAAATGCAAGGAACATGTAATTTTTCCCTGTTAGAAGAAAAATATCGAGATTTCGGTAAAGAAGCTGAGGATACGGAAGAAGGCGAGTAA,CTATCTCTTTAGTATTTTTTCAATCTTATCAACACTCTCCCGCATCATGGCAAAGTCAAGTGAGTAATATATCCTTTGTGAGTTTCTCATTCCAGTGACGAGGTTTGCCTTTAATAACACGTTCAGGTGGTGTGACACTGTGGGCTGCGTAGTGTTGAGCTCTTCCGTTATCTCGCAGTTGCATTTCTCTTTTTTCCTTAATAGGAAGATGATTTTTAGTCTCTGTGGGTTAAGTTCTGTTAGTAAGTTCTCTACCTGCTCTGTGTAATCGGTTGTGAGGTCCATTAAATTGTCTTCCATTTCGTAAAGATAACAACTAGTTTATAACGCTTGTGGTCATATATATATCATGAATGTAGAAGAAATACAGGACAGCATAAAGAGCTACAGCGGATCAAGAAATGAGATTTTTACATTACCCTTTGGTATAAGAAGGTTGGGGGGTAGAGTCATGGTGCCCCCTAAGATTGATATTGAAAAGTACTTGGACATAGACGAAGCAGATGTTCTTAAGAAAGCAACCACAGACGAGGGACGTTCCAGAGATGAATTTGTGGATCAAATGGTGAATGCCATGGGGATTTCCGATTTAAAGAAAGCAATAGAATTTGCTATAAGTGAAGGTGTTCTTGAGATGAGACGAGGCAGCAAATTTTACGAATTGCCAAGAGAAGAAGTACTGAGAATCAAGGAATCTTCTGAAAAATGGCAGAATCAGATAGATGAAGAGATGTCAAAGAAGTAAAATTTTTATAAGGGTGTAATTTCTGCTTGTTTTCCATAGAAAAGAGAAATTGATTTCTCTCTTTGTGTTAGAACCTCCATAAAAAAGAGATTGCCTCATTTATTTATGCCCACTCAGGCATAATAAATCTTTTAAATAATCTACTCGGATTGTCTTGCTTTGACAACTTCATCCATGTATTTATCCAACCTGTTGTCATAAACAATCCGCATCTCTGAGTCAGGAAATGATAGAACCACGATCTCTTTGATTGCC,-1.5367371
1c4e41ec546f449d97e3c062bac44854,ATGAAATTCTACACTATATCAAGCAAATACATTGAATATCTAAAGGAATTTGACGACAAGGTTCCCAATAGCGAAGATCCTACCTACCAAAATCCTAAGGCTTTCATTGGCATAGTATTAGAGATCCAGGGACATAAGTATCTAGCCCCTCTGACATCCCCAAAAAAGTGGCATAATAATGTTAAAGAGTCATCTCTTAGCTGCTTTAAGCTCCATGAAAACGGCGTGCCCGAAAATCAGCTTGGATTGATTAACCTGAAGTTCATGATTCCAATAATCGAAGCTGAAGTGTCCTTACTTGATTTGGGCAACATGCCTAATACCCCTTACAAGAGAATGCTCTATAAGCAGCTCCAGTTTATTCGTGCAAATTCTGATAAAATAGCTTCAAAATCAGATACTTTACGAAACCTCGTATTACAAGGAAAAATGCAAGGAACATGTAATTTTTCCCTGTTAGAAGAAAAATATCGAGATTTCGGTAAAGAAGCTGAGGATACGGAAGAAGGCGAGTAA,TATCTTACTCACCTCTAAGCTGCAAACAACCCACGTAATGCATTAATCAGCCTCTGCCCCCATTTCTCAGTAATATAATCTTTTATCCCATATTCCTTTGCCATCTCTTTGTAAATCTTACTTCCAATTAGATTATTTACAGCCTCCTCAATCTTACCTGCAAGACTTTCAAACTTATCATCAGTAATAATTGATTTAAACCTGTCCCAATCTCCATTAATCCCATGTAGTGACTGAATATCTTTCAATTCAGCCGCACTATAATTTACTCTTGTATTTTTTCCTAAAGCTGAACAGTTACCATTAGCATCTCCTGGATTAAATACCTTTCTTACATTTGCTAAATTTGGATTATAGCCTTCAAAGCCTTTATTGACTACATCTGCATACTGATCCTTTGTATTCTTCCCCTGGTGATTATCCTCATATAACTTATCCAGCTCAGCCTTGTTTATACCCATTCCATTAAGATGCTTTTCAACCTCAGCAAATGTTTTTGCACTAATAGCGCTTTTTAATGCTTCATCAGCTGTAATATTTTTACCAAGTTCAGCAGCGTATTCCTTTGAGCTCAAATTTGTCTTATGAGCATTATTTGCAAGCTCTGCAATTATTTCATCCTTAGTTGTTCCTAACTCAATTCCATTTGTAATTGCATCAACAATTATCTCATTATTCATTGCATCCACTATCTTATTTAACTCATCAGCAGTCAATCCACTTTTCTTTAATTGATTTTGCAACTCTGTATTTGATGTCATCTTAGCCTGAATAAATTTTTGCCATGCTGCATCTGTTAAGTTCTTATTTGCTTCCAAAGTCTTTAACTGATTAGCATACTCTGCTATTTTAGCATCAGAGATACTTCCTTCGCTCTTCAACTTGTCAAAATTTTCTTTCAATTTCTTTGCTTCATCAGCTATTTTGATTGCATCATAAATCTTATCATCACCTGTTACTTTAGCAAGCTTATCCTTGATAGTTTTTATTTCAGCTTCAA,-1.6862831
a0965f2358ac42d79c0debf7d07acaaf,ATGAAATTTTACACAATATCAAGCAGTTACATAAAATACCTGAAGGACTTTGATGACAAAGTTCCCAATAGCGAAGATCCTACATACAACAATCCTAAGGCTTTCATTGGCATAGTACTAGAGATTGAAGGACATAAATATTTAGCACCTTTAACATCGCCAAAAGCATGGCATGCTAATGTAAAAGAGTCATCACCCGCCTTCTTCAAACTTCATGAAAACGGTGTCCCTGATAATCAGCTTGGATTGATTAATCTGAAATTTATGATTCCAATAATCGAAGCTGAAGTGTCTTTACTTGATCTGGATAGCATGCCTGATACGCCTTACAAAAGAATGCTATATAAACAGTTACAATTTATTCGTGTAAATGAAGATAAAATATCTGAAAAATCAAAACTATTAAGAAACCTTGCCTTGCAAGGCAGAATGCAAGGAACATGCGACTTTGCCGTGTTAGAAGAAAAATATCAACATTTCGGTAAAAAACCTGAAGACATGGAAATAGACGATTAA,CTTATTACACTATCAAATAAAAACACTAATGTAACTAATTAGCCTTATTATTAATTATTTTAAATTATAATCTATACTTGATAAAATATAGGTATTAATTTACGTATCTGTAAATTAATACCTATGTTTCAAAATATATCTATGTTCATCAATATTTATCTGATTTCGCTCATCGCACTACATAATTAAATATCAATACTTTCATCAGCAAGTGCATTCTTTAATTCTTTTGTTTTATTATCTAAAAACTGAAACTGAGACTGAAACTCAGATAATAATACCCCTATAGCCCCAGAATATTGAGATAATTCAGTAGCAGAATATTGAGATAATTCAGTAACAGAATATTGAGATAATTCAGTAACAGAATGTTGAGATAATTCAGTAACAGAATGTTGAGATAATTCAGTAACAGAATGTTGAGATAATTCAGTAACAGAATGTTGAGATAATTCAGTAACAGAATGTTGAGATAATTCAGTAACAGAATGTTGAGATAATTCAGTAACAGAATGTTGAGATAATTCAGTAACAGAATGTTGAGATAATTCAGTAACAGAATGTTGAGATAATTCAGTAACAGAATGTTGAGATAATTCAGT CGCTCTGCGGCACGATGAAGTGACATTCGATGTAGTGATAAATGCGATCGCCGGCATGCAGCAGGCGGCGGTGCAGCACGCGCACGGCCCCTCTGCCGAGCAGGGTAGCGATGAGGTCATCCCGCTTGAGGCCCTCAAGCTTTTGGCCGTTCACGGCGAAAATCGTGTCGCCGGCTAGCAAACCAGCCTCCTCCGCCGGCGTGCCGGGCATTACGTGCTCGACGATGACCGCGCCGTCGCCCTGCTTTTCGAATCCGAGCGCGAATCCTGACGCCCCGGCCAGCGCGCGCCGTGCCTCGTTTTCAAGCTCCTTCCAGGAAGGAAAGGCGAGGCCCATCCCGCCTGCCGGCTTGGCCAACGTCACGCCGTAGCGTGACAGCAGGTTGCCGTTCAGGTC,-2.2155578
fd23b35390da44b29481900fdb653d9a,ATGAAATTTTACACAATATCAAGCAGTTACATAAAATACCTGAAGGACTTTGATGACAAAGTTCCCAATAGCGAAGATCCTACATACAACAATCCTAAGGCTTTCATTGGCATAGTACTAGAGATTGAAGGACATAAATATTTAGCACCTTTAACATCGCCAAAAGCATGGCATGCTAATGTAAAAGAGTCATCACCCGCCTTCTTCAAACTTCATGAAAACGGTGTCCCTGATAATCAGCTTGGATTGATTAATCTGAAATTTATGATTCCAATAATCGAAGCTGAAGTGTCTTTACTTGATCTGGATAGCATGCCTGATACGCCTTACAAAAGAATGCTATATAAACAGTTACAATTTATTCGTGTAAATGAAGATAAAATATCTGAAAAATCAAAACTATTAAGAAACCTTGCCTTGCAAGGCAGAATGCAAGGAACATGCGACTTTGCCGTGTTAGAAGAAAAATATCAACATTTCGGTAAAAAACCTGAAGACATGGAAATAGACGATTAA,ATCTTATCTACTATACTTTGTGTATCTTGAGCAATCTGCAGTTCTTCATTTGTCGGAATGACCAATACTTTTACTTTACTGTCAGAACTATGGATTTCAGTACCGTTATCATGAATATTGAGAATTGAATCATTTAATTCAATACCCAGATAAGAAAGTTTATCACAAACTTCACTTCTGACTTGTGGATCATTTTCACCAACACCAGCAGTAAAAACAATTGCATCAAGTCCTTGCAGTGCGACAAAATATGAACCAATATATTTTGCGATTCGGTAAATAAACATATCAATTGCTAAAGACGATCTTTCATTACCGTCATCAGCAAGCGCCTGAACTTCTCGAAAATCTGATGAAATACCAGAAATACCCAGTAAACCACTTTGCTTATTTAATATCATATTTACATCTTTTAAAGACAATGACTCATAATCCATAAGATAAAGTATCAATGCTGGATCAAGATCACCACTACGAGTACCCATCACAAGTCCTTCTAATGGTGTAAAGCCCATTGAAGTATCAATTGACTTACCATTTTCAATAGCACATACACTACAACCATTACCTAAATGACAAGTAATCATCTTCGTTTCAGATATATCTTTACCTAATAAATCACATGAACGATGACTAACATACTTATGACTGGTACCATGCATACCATACCTGCGAATACCATGCTTTTGATAAAGACGATATGGAATGGCATATAAGTAAGAATTTTCAGGCATTGTCTGATGAAAAGCGGTGTCAAATACTGCAACCTGAGGCAACTCTGGCAATAATTTTTCAGTAGCTTGAATACCAGCAAGATTAACTGGATTATGTAGCGGCGCAAGTTCAATACACTCTTCAATACCTGCAACAACATCATCAGTAATAAGCACTGTTTTATTAAATGCCTCACCGCCATGGACTACGCGATGACCTACTGCAACTATTGATTTAATAAAATCATCATCAGATTTGTGATGCTCAAAAATTAACCGAATCACAA,-3.0362446
b1adeb8308ae4f36b1b452ffaadef870,ATGATATATCAAGAAGGATACGTTTACCATATTAAAGATGAATACTTTGAAAAAGTACAGGATTCCAACTTAATGCAGAACAAAGAAGGGGGTACATACCGTCTTACTTTTTACTGTCTGCGTGACAATAAAACTTCTCTGTTATGGATGGTTCCACTCAGTTCTCGTGTAGAAAAGTTTAAAGCAATACACGATAAACAGGTGGCTAAATACGGAAAGTGCCTAACGATTGTTTTAGGTGAATTTGATGGAAAAGAAGCTGCTTTTCTTCTCCAGAATATGTTTCCAATCAGAGATTACTATCTTGACCATATACATACTCGAAATAATAATCCGGTTCCTGTTAAGCATTCCATTCACAGGGAAGTAACAACACATATGAAAAAAATTCGTCAACTTCATTCCAGAGGCAAAAAGGTGGTATTTCCAGATATTGACCGACTAGAGCAGATTATGCTTGCAGAAGTAAAAGATAACGCAGCCGAATAA,AATTACAAATTGTTGGGAAACGGGTTAAAATCAACACTTTTGAAGCTATGAACATATAGTTGAGCGTAAAATCAAAAATCAGCACATAGCAAATCCACTATGTGCTGATTTCCTAAAATAAAATTTACTGTCTATCTATCTTTGAACTCGTTTTATTTTTATTTATTCAATTTGTGGAGCATCTCTTTATAGTATTTTTCCATCATCTCATTGTTTATCTTTTGCTTATCACCCCAATTTCTCTGAATACATTCTGCAACTTTCTCTTTTTCATCATATTGATAAACTTCAATATTGTATTGATCTTTACGTTTTGTCATAGCTGAATAAACATATCCCATTCGTTTGGAAACAGCATTTCCTTCATAACACAAACAATACCATTTCCACCGATTTTCACCAAGTTCTTTTGCTATTTTTCTGGCATTATTGTCACCAACATTTTCATCAACAAAAATTAAAATATTTTTCAATCTCCAATCTTTAAGTTCATCAACAACTTCTTCAACATATTCTTTATCAGATTCGATAATATCATTAATTTTCTTCCATTCTTCAATATCACAATATTTTTCATATTCTTCCTGATCTGCTTTTCTTCCCGCATTATCTAATAAGCGATTTATATCTTCACTAATAAGCACATTCATACCATCTATAAATTTTTTATTCATATATGCACCATAAGTTAATGTTGAATAGTTTTCTACTATTTTTAAAACAGAAGAAAACATATAGCTATTTCTTGTACTAACAAATTCTTTATAATATGTATATGCTTCAAGCATAATTGTAAATGGTTGCTCTTGTGTATCAAAAGTATTATTATTAAACATCTTTTTCATTATATCTTGCATTTCAGCAAATGTTTTTTCTAATAGTTGATCAATATGCTGTTGTGAATCCTTTATATTTGGAACATCTTTCACACTTTTTAACACTTCAAGCAAATGATTAAATTCATAAGTAGTTATATCTTTATCCCATATTTTACCTTCTT,-1.4734305
61e24f16ebef4bd69c7fa2b5ba1893c0,ATGGAGAATATAGTCATGATATTGCGTCAGATAAAGCAGGATGTATATAAAAGGCTTTGTGATAATCGACCTCAAGTCTTAGAAAAGAATAGAGGGTATGGTGTTATATCTATTAGCCTTAACGGTCTAACTTTTGCTGTGCCATTGCGAAGTAATTTAAACCATCCTAATGGTTTCAAAACTATTTTTTTGAAAGATAAAAAAATTTGGAGTGGTTTAGATTATTCAAAAGCCTTGATTGTTAAACCTGAGGATTTGGAGCCAGAAGCTTTTAAATTAAAAATAGAAAAAGAGTATGAGAAATTAAAAGCAAATAAGTCCAAGATCGAGAAAGAGTTTGAGGCTTATGTTCAAGGGTATATTCTATTTGTAAAGTCTGGTTGTGGTGAAGAAAAAGCTTATAAATTTACCACGTTACAGTATTTTCATGATTTTTTAGGGTTGTAA,GACATAGATTTTACAGGAGTTTTGTATGTTAAATCCTATCCATTTTTTTGTTAAATTCCTATAAAAATGGGAATTTAACAACGTTAAATGAAAAATTCTAGAAAATTTTCAGGATGGAAAAACTATTTTTTATCCATCTTTATCCATTGGAATATAGCTTGAATTCCCATGAAAATAGGAACTTAAGAGTGTTATATAAACGATTCTAAAACGCTGGTCTTACGTTTTAGAAAAATGAAAATCATTGAGATAATAATTTGCAACTATTTCCTGTTAATGTTGTTTTTGTCCATTATACATAGCTGACACTTTTAGGCTTTAATTTTTCAATATAAGCTTTAACAGGATCATAAAAAGTATCATCAATATCTAAATAGCCTTTTTCATGTGCTTTTTTGAATATATCTTCTGGACTTGCTGCTTTTTCCATTGCTTCCATAAGATTTGGATCTTTTTTGAGTTTTTTCATTAAAATGTATTCTTCTGGCGTTAAGTTGTTCATCTGTAGATCTCCATTAAATTAGTTAGAATTTTACAGTTTAATCATATAGTGAAAAAATAGTTTTTAATTGATATTTGTAGGTTATTAGAGTTCTAAGATTATATTTTAGATAATAAAAAGCCCCCTAAAGGAGGCTTTAAAGATTATGCTTTCATTGCTTCTATGGCATAAGCATTTAAAACTTTACGAAGCATACCAGTTAAGACAGCACCTGGACCAATCTCAATAAATTCATCAGCTGGGTGTTTCTCTAATAGAGCATCAATAATAAATTCATTACGAAGTTGACCACATAACCAACCTGTAGGCCATTCACGATTTTCTGCGGCTTTAACGTTGATTGTTACTTCACTTTCAGCTGAGTTAATTGTTAAGAAGAAGTCTGCTGCGATAGAGTTACCTGCTGCTAAGAACTCTTCTTCCATTACTTTTTTCATAAAGCGAGTTGGTGCCCAAATATCATCACAAACATGTATATCATCACGGCCTAAGTGTGAT,-1.7588494
3cb630dd5fd34a6abb01f76d28eaab6d,AGGTGATTTGCTACCTTTAAGTGCAGCTAGAAATTTAGGTGATTTGCTACCTTTAAGTGCAGCTAGAAATTTAGGTGATTTGCTACCTTTAAGTGCAGCTAGAAATTCAGGTGATTTGCTACCTTTAAGTGCAGCTAGAAATTTAGGTCATTTACTACCTTAAAGTAATAAAGTAAAAAAGGCGACTATACACAGTCGCCTTTTTTACGAGAAAAA,TAAATGTGTTTATCAGAGTTATAATAAACTCCAAGAGATGACTGCACTAAAGTGCACAACCAGCCACATCATAGGTAGAAGATTAAAAGATTGGAGGATTGGAGGCTTAAAATTCAACTTATGCACTTTAATGTTCTAATAAAAATAAATTTCCAATCCTCCAATTCTCCAGTCCTCCAATCCTCCAATTCTCCGATCCTCCAATTCTTCGATCCTCCAATTCTTCGATCCTCCAATTCTTCGATCCTCCAATTCTTCGATCCTCCAATTCTTCGATCCTCCAATTCTTCGATCCTCCAATTCTTCGATCCTCCAATTCTTCGATCCTCCAATTCTTCGATCCTCCAATTCTTCGATCCTCCAATTCTTCGATCCTCCAATTCTTCGATCCTCCAATTCTTCGATCCTCCAATTCTTCGATCCTCCAATTCTTCGATCCTCCAATTCTTCGATCCTCCAATTCTTCGATCCTCCAATTCTTCGATCCTCCAATTCTTCGATCCTCCAATTCTTCGATCCTCCAATTCTTCGATCCTCCAATTCTTCGATCCTCCAATTCTTCGATCCTCCAATTCTTCGATCCTCCAATTCTTCGATCCTCCAATTCTTCGATCCTCCAATTCTTCGATCCTCCAATTCTTCGATCCTCCAATTCTTCGATCCTCCAATTCTTCGATCCTCCAATTCTTCGATCCTCCAATTCTTCGATCCTCCAATTCTTCAATCCTCCAATTCTTCGATCCTCCAATTCTTCGATCCTCCAATTCTTCGATCCTCCAATTCTTCGATCCTCCAATTCTTCGATCCTCCAATTCTTCGATCCTCCAATTCTTCGATCCTCCAATTCTTTAATTTCTCTTAAATATACTTCACATCAATCACCGCTTCATTATGAATTGTTTCTGTACCTTTTTCCCAATTGAGCGCGTCTAATTTTTTATACCGCAAGGAGAAAGAATTGAGACATGGCAGCTTTAGACGGATGGTGTCTCCTTCTTGT,-2.610296
453d4a2842714069a0b1cc46a1206a94,AGGTGATTTGCTACCTTTAAGTGCAGCTAGAAATTTAGGTGATTTGCTACCTTTAAGTGCAGCTAGAAATTTAGGTGATTTGCTACCTTTAAGTGCAGCTAGAAATTCAGGTGATTTGCTACCTTTAAGTGCAGCTAGAAATTTAGGTCATTTACTACCTTAAAGTAATAAAGTAAAAAAGGCGACTATACACAGTCGCCTTTTTTACGAGAAAAA,GAAACTTTATATTTATTAATTTATCTTATTAGATAAATATAATTGTCTTTAAGGATAGAAATTTCAATAAATTAAAAAAGTATATTTATTACCTGAAAAAATTGACTTATGAGAGAGAATGAGTTAAAAGCAAATAAAAATTTGTTATTTTATTAAAGATATTTTTAGCTTCTAAATAAATTACAAAAATAAAATGTTTTTAAAATAATGATTTTAGGAAGTGATAAAAAACTACAAATTATAGTTAGAATCAAAGATACACCACAGCTTAAAGATGTCTTGATATCACAGGGTTTACAAGATTTTGTAGCTTATAAAAATGTCTCAAGACTAAATACCAAAGACCTAGCGCAAATACCTAAGACTATTAAAGAAAAAACTCAAGAGTTACTTGATTTGATAAATGATGGTGAAATCATAGAATTTATACTAGAAGATGGAGAGTTTGATTTTAGCTTAGTTAAAGATGGAGATTTGATTAGCTACCTTAAAGAACAAGAGCAAGAGTTTTATCAAGCATTTAAAGATGCTAAGATTGATTTTGAGTTCAAAAAAATATTTGGTAAAAAAGACGGATTTGATGAAGATTTATTTGAAAAATTAGAGCAAAAATACCAAAACTTACAAACTCAAATTAAAAATGCACAAGATGATTTAAGTGGTCTTTTAGCAAATATCAAAAAACAAATAAAAGATAAAATAGCAAAAAACGATAAAGAAAAACTCAAATTTGAGTTAAAAGCCTCTGCTTTAATGCTTGATGAAGCAGGTATGCTAATTGCTGATGTATTTGAATATGTCAATAAAGAGAAAAAAGGAGTATCTCTAGCTGATATAAAAGCAAGATTAGAAGACATAAAAAATGATATCAAAGATAGTAAATCTTTAAAAAATGACAAAATAAATGATGTAGAACTAAGCAAAATAGAAGAGCTATTTAAATCTTTTGATTTTGATGTATTTTTAAGCACTATACAAAAAAGCTTGAATTTAGCTAGTA,-1.3562405
07ff7ec3a309416b8faf7ab4f109eb4e,AGGTGATTTGCTACCTTTAAGTGCAGCTAGAAATTTAGGTGATTTGCTACCTTTAAGTGCAGCTAGAAATTTAGGTGATTTGCTACCTTTAAGTGCAGCTAGAAATTCAGGTGATTTGCTACCTTTAAGTGCAGCTAGAAATTTAGGTCATTTACTACCTTAAAGTAATAAAGTAAAAAAGGCGACTATACACAGTCGCCTTTTTTACGAGAAAAA,TCTAAAAAAAACTAGCTGTATAAAAATAAAAACAGTTCTCTGCTGGCGCTAAAGCTTACTCTTTTTCAGGATATAAATACTGCTCTTCAAGAGTTAGCTTTACAGATACTCTGCGTAAAACTTCAACAATATTTGACTCTTGTTCAAGTTGGTGCTCCGCGCCTTCAAGCACTTTTACATCTTTTGGTAGATTAACTTCAATCTTGATTTTACCATTATGATCCTTGGCAGGAACTCGGATTGCTTTACCATTTACTAAACTAGCTACTTGTTCGTTAGGAATAGTTTGATCTAAGAATTTTTCTACTGTAATGAGCATACCAATTTGCATTTCAAGAGCTTGCATTTGTGCAACTTTCTTAGGCTCATCTTTTAAAAAACCGTTTAATTTTTTGGCAAATGTGATCATTGCTTCTTGTGTTAGATCCATAGTTTTTTACCTTTAAATTAGAAATATATGAGAAGTTAATTGTTGTAAATATTTTCTGAATCGATGATTTTTAATTCGTGTTTTTCTCTTAGTCTTTGTTTTAAAATTTCACTACAACTTGCATCAAATTCAATCATAATACAAGCAATTTTTTCCTTAGGGCTTTGGATAACTTGTATGAACTTATCAATAGAATTTTCTAATATTTCAACATTCTCTGCTACTTTTGTTTTTAAAAAATCCTCATAATTTTCAGGATAATTTCCCGTAATAATGGGAATTTGCATTTTAAATTTCCCTTCAAATTCTAAAAATTCATCTGGCCAGCGAATATCATCAAAAACAATAATTAAATCCTGATAATCTTTAATATCTGGCAAAGGTGGAACTCTTGGTGCAATTTCTAACTCATCTTCAAAGCCAATTTGTCTTAAAATTTCAATTCCAATTTTAGCGGTAGCGTAATTTCCACATTCTAAAATGAAATTTTTAATGTTTTTATTTTTTATAATTTCAATTGCGCCTTTATAAAGATATGGTAAAATTTGACGTTTATCATCAGTAATGATC,-1.5875236
10eba28ff1b84c7f8f3d7c73ac03306b,AGGTGATTTGCTACCTTTAAGTGCAGCTAGAAATTTAGGTGATTTGCTACCTTTAAGTGCAGCTAGAAATTTAGGTGATTTGCTACCTTTAAGTGCAGCTAGAAATTCAGGTGATTTGCTACCTTTAAGTGCAGCTAGAAATTTAGGTCATTTACTACCTTAAAGTAATAAAGTAAAAAAGGCGACTATACACAGTCGCCTTTTTTACGAGAAAAA,CCAAAAACTAATTTAAAATAAATTAGTTTTCACTAACTGCTTAAAACGTGTATGAAATTTAGTAAATTAAACATGCAAATTAATTATAAAGTCTAAAAATTAAATGTAAATGATTTTCATTAAAAAAATTTCAAATTACTAATTAATGAGGCTTGATATATGAACATTACAAAATCACTATCTATTACACATTTAAAAGAATATTTTACTCTAGCTAATGCAGCAGGCTTAACAGATACAAAATCAATTTTATCAAATAAATCAAACAATCTTTTTAATGCTAATGTTAATGAATTATTAGACATTATTTTTAGTATTTTACACAAAGAAAAAATCGAAGATCATTTTAAAAAACTATATAAAAATAATTCTGGAATGTTAGAGCTTTATCCTTTATATGAAGAATTTGAAAAGCTTAGTTTTATAGATGATAAAAATAATAAAGTAATTAAAAATCATGGTTTTTATAATGAACATTTAACAGAATTAATGATACTTATAAATAAAGGTAATTTAAACGATAGCTTAGAAATTTTATCTAAATTAAATTTAGATTTTATAAATAGAGTTAAAAATTTCGATATACCAATAGATAGAGAATTATATTTAAATGATAGAAAAAAAATTTCATCATTAATTGAAATAAATCAATGTACAGTCATTACAAGAATTAAAAATATTTTACAAAAATGCAAAAAAGAAGATCAAAAAATAATTATCAATGTTTTAAATAACTCAATAAATATAACAAAATTATTAGATTTAAATATAAATAAAGAATTTACATATTTAAAACAAACATATTGCAAAATTTTAAATTGTGAATTTAATGCAAAAAATAAAAATAATTTAGTAGAAAACAGAAAAAACCAAACAGAAAAAATCAAAAAATATTTAGATAAAAACAAAAACATAGATAAAATATTTAAAAATAAAAACAATAAACTAAATTATTTTTTAGCTAAAAAATTTGCATTAACTTTATTTAAAGATAATGAAA,-1.2521316
