sequence1,sequence2,id_pair
MAHILIRNLDDTVKQRLKARAARNGHSMEEEAREILTRAVLAEAEEPERLGTIIHSRIRPLGGIVLPERTRDVARDMAPFDDDLPPE,MFLLDTVIWIDLTRGRVPSDAAALLDRRLVIAPATCWEVAQGLRNRLRFDDAALAEAFLAARGITILPIPAAHADLAAEVLAAHALSHGDRSWTDCTIVALSERLGHLLLTRDKRLLALSGPIPVILVPRT,025f6c7fc2a548b2b07bb14b83a6d28a_2232495-1ID55_2partial00start_typeATGrbs_motifAGGAGrbs_spacer5-10bpgc_cont06_aa783f44e9
MAHILIRNLDDTVKQRLKARAARNGHSMEEEAREILTRAVLAEAEEPERLGTIIHSRIRPLGGIVLPERTRDVARDMAPFDDDLPPE,MIVLDTNVISELMRPAPDAKVEAWYDTQSIDDLFLTAITEAEVRYGLAVLPEGKRRTALQTAVEAMLAEDFAGRILPFDSDAARIYAELAALRRRAGRPISQFDAQIAAIARANGATVATRNTKDFEGSGIPVLDPWLG,025f6c7fc2a548b2b07bb14b83a6d28a_2232495-1ID55_2partial00start_typeATGrbs_motifAGGAGrbs_spacer5-10bpgc_cont06_8cc1395eeb
MFLLDTVIWIDLTRGRVPSDAAALLDRRLVIAPATCWEVAQGLRNRLRFDDAALAEAFLAARGITILPIPAAHADLAAEVLAAHALSHGDRSWTDCTIVALSERLGHLLLTRDKRLLALSGPIPVILVPRT,MIVLDTNVISELMRPAPDAKVEAWYDTQSIDDLFLTAITEAEVRYGLAVLPEGKRRTALQTAVEAMLAEDFAGRILPFDSDAARIYAELAALRRRAGRPISQFDAQIAAIARANGATVATRNTKDFEGSGIPVLDPWLG,025f6c7fc2a548b2b07bb14b83a6d28a_3566961-1ID55_3partial00start_typeATGrbs_motifNonerbs_spacerNonegc_cont0720__cc3e3b5eea
MIKPKKNQTGFCFAAKGIFKKQAFYLTKQQKKIVGDNNLLTAGVYAGKGGVGKTTTAVNLAVALSKIGKKLVLLDADLHGPSVPRLLGFKNKPELESETGNISAIRYGVTAVSIGNFVRKQDVAIAWRGPMVAKAIEQLASKTEWGELDYLIVDMPPGTGDVSLTLSQKIPTSGAVIVCTPQNLALIDAVKAVAMFKRVGIPVIGYVENMASHTFGNGDGEKLAASYGTGQIAKQSGVPFLGEIPLDMAVRQAADAGAAPLAKQSTDAAEVFSQIGETIAKRLQLDLTPQGFLPA,MVRLPIDTIFSLKKLALPPEIGISARFLIFGLSGLKRMPRLTAGNLEGKFKMAKSLILKAEARKGMGKGAARQLREEGLIPGVVYGEGKDPESIAVEGREFRKAFEEAGFWSKLIEIEVAGKKHQVLLKDIQRNPATDQPMHADFLRIDKNATITVNMPVVFEGEDESPGIKMGGVLNIVRHEVEVKCAADKIPDAIEVDLSGLEIGNTIHLSAIKLPKGVELAVDEDDFIISIVAPRKLDEPTADETAEEATKETDKNNQDEKANNQPA,1041e26dc7a943bba5009899f0a7607b_185972-1ID4_1partial00start_typeTTGrbs_motifNonerbs_spacerNonegc_cont0455_10_77a56b91f3
MTLGDLFLSFLKIGMFTFGGGYVMLPMIQREVVEKHGWTNHAEFLDLFAIAQSAPGVIAVNLAIYIGYKLRGVMGALIGTLGFIVPSFFIVIGLATAYQTFAQYPQVQSVFNGVNVAVVALVLNTVLKIGKTSLKDKFAWVLAALSFVAFLLVKLPLILLMIGAAGLGLVYSFKKPSNKGNKR,MILLSLFWTFFKIGAFTFGGGYAMIPLIQNEVVQQHHWLSHAEFINMLAVAEVTPGPIAINIATFIGYQMAGILGAIIATVAIFLPSFILVLAITPLLLKFRQSAWVKAVLYGLRPAVLTFLLNSGFVFMQGSAFIESSCGDVFTIAIVIISLVTLTNQRKFSLIGGGLGVLLLLASLGIGWIS,321e7b95710a461aa73074139d45d0e4_21006511ID68_2partial00start_typeATGrbs_motifTAArbs_spacer12bpgc_cont0424_32_66ecbecff1
MTVPTTDPAAADAAPAGETDADVAGKFFPAAFDAAETPGLLVGLVARRYQALYAERLAPLGVAPAQFDILQLLFSEPGLGVTEIARRLMLAPNTVADMVNRLVDRGLVTGAAETGSRHEKIVTATERGREDAAALAEKADAALAYVERVGAREPAAALGAELERTALHERQGLMLRKLLRRAQSRERPTRPA,MAHAAIILAGGRATRMGGGDKPLRMIGGRPLLAHVLDRLAPQVDGLALNANGDPARFAAFGLPVIPDTIDGFAGPLAGVLAGLDWAAGQAPDIEWLLSVAGDCPFLPRDLVARLHRARLDTGAELAVAASGDQPHPVVGLWRVALRDALRAALVDEGVRKIDRWTARYRLATVEWPIEPVDPFFNANTIDDLAEAERLAALD,3364a103cc46492490be400b078a2af4_267512531ID50_2partial00start_typeATGrbs_motifGGAGAGAGGrbs_spacer5-10bpgc_co_99c7e1396e
MLPVLWLESADTDLDDITSYIARFDIDAAERLWQRLRGCVLPLSEHPYLYPPSDRVPGLREIVAHPNYIILYRVTTSSVEVVNVIHAKRRFLLSQCANKIIVGYKPATLLYLKSSLYNLILRGYNNDN,MLPVLWLESADTDLDDITSYIARFDIDAAERLWQRLRGCVLPLSEHPYLYPPSDRVPGLREIVAHPNYIILYRVTTSSVEVVNVIHAKRRFLLSQCANKIIVGYKPATLLYLKSSLYNLILRGYNNDN,6a85b4dcbab34c1d89a9a16703d720f6_388712731ID85_3partial00start_typeATGrbs_motifTAArbs_spacer5bpgc_cont0411_6a_db5ee6e0a6
MIQRDIEYSGQYSKDVKLAQKRGKDMNKLKYLMTLLINNTLPLPAVYKDHPLQGSWKGYRDAHVEPDWILIYKLTDKLLRFERTGTHAAHYGCGPTFSCNILQLSLQFHIMKTATYTDLRNNLGEYLKMVSQGQKVVLTKNKQVIAVNVAEGRFETPVEVLTDEFFNKADKALDDIKQGKTIPLDELEDLWK,MIQRDIEYSGQYSKDVKLAQKRGKDMNKLKYLMTLLINNTLPLPAVYKDHPLQGSWKGYRDAHVEPDWILIYKLTDKLLRFERTGTHAAHYGCGPTFSCNILQLSLQFHIMKTATYTDLRNNLGEYLKMVSQGQKVVLTKNKQVIAVNVAEGRFETPVEVLTDEFFNKADKALDDIKQGKTIPLDELEDLWK,7275a3d0d6924ebf9db450ca501b7d8a_22768541ID99_2partial00start_typeATGrbs_motifGGAGGrbs_spacer5-10bpgc_cont040_28eb2d7a66
MDCVFCKIVNGDIPSKKVFEDDKVYAFYDIAPQAPVHILIVPKDHISCADEINKENSVYVAKCFEAIAKIAKEEGLENGYRVVSNCGNDAGQTVPHLHFHILGGTTIPWKTPEGEKEEQ,MTAEQIALFLLGALIGSVIGIIVTTKVEGEQERKINERITEFGGDIDDLKEQLKEMNNRMDEMIAEIREFKKTNEELRDEIIKKAQDGTSKLKEAAEDMKEMIKEIDEMNAGGMEKAMNEMTNAMQDIIYLIDNMTGAVEKK,7d242641691244fcbbc11e1b25960d51_366510241ID92_3partial00start_typeATGrbs_motifAGGAGrbs_spacer5-10bpgc_cont04_269928f74a
MHEKELVKKIKDGDDDAFAQIVKKYQNMAANVAFNIVGNKEDAEEIGQEVFITAYKALNELKDPEKFVSWLYTIVYRKSYKALQKKKKFIPADQFDDVIYDKEENMVMNLEKKEITKALQKAIADIPQRQKTVVILRDYQGFSYEEIADILDIPVRTVESRLYRARKILRKKLKELL,MIEKNQLITLSKNNEPVIVNMDIGYENIENMGVWSVGGTNCLFTNSRMNNDVKKPLDFLEKNRIHITSVFATHGHGDHYGGMGFLLEKLNVKNYLAKFAMKICRLKLEDGAKIQVGSSVLEIVHTPGHSNDSITLVVGNKRIVSGDTFMNAKVFGAVDDLSQYQEILKILKKYIFDNIHDDIYMYPGHGEPFVLDSEKKNLERMKKRIEEYLEIGENPFIANWKDYSFIEFDDEFLIIK,7f0ebae773264495a9f7a87fb557e5f1_25501083-1ID66_2partial00start_typeATGrbs_motifGGAGAGAGGrbs_spacer5-10bpgc_c_a61743da0e
MSGKPVRLLPAAEADLDRIYAYIEDRSPDAAVDLDDAIEAAIARLTGHPEIGRTADLFAARLRSYPHRSHIVYYLRDDEARVVMVLLHGARDFERILKDRIET,MTRTTTMTVRLSGALSDFVAANVGDDGAYENVSEYIRDLIRRDQERTEQEAFDRLKAELARAFAAPESVYTPLDAAEVIARNRARR,de60f875df424f938733d1c9aefe6bf2_1142453-1ID53_1partial00start_typeGTGrbs_motifNonerbs_spacerNonegc_cont0689__6f50eafa78
MSGKPVRLLPAAEADLDRIYAYIEDRSPDAAVDLDDAIEAAIARLTGHPEIGRTADLFAARLRSYPHRSHIVYYLRDDEARVVMVLLHGARDFERILKDRIET,MSGKPVRLLEAAQADLDRIYAYTQDRWGEAQADRYIAELFAAFERIAEHPDIGRTADLFAAGLRSYPHRSHIVYYLRDDEARVVMVLLHGARDFERILKDRIET,de60f875df424f938733d1c9aefe6bf2_1142453-1ID53_1partial00start_typeGTGrbs_motifNonerbs_spacerNonegc_cont0689__5998d5962f
MSGKPVRLLPAAEADLDRIYAYIEDRSPDAAVDLDDAIEAAIARLTGHPEIGRTADLFAARLRSYPHRSHIVYYLRDDEARVVMVLLHGARDFERILKDRIET,MTRTTTMTVRLSGALSDFVAANVGDDGAYENVSEYIRDLIRRDQERTEQEAFDRLKAELARAFAAPESVYTPLDAAEVIARNRARR,de60f875df424f938733d1c9aefe6bf2_1142453-1ID53_1partial00start_typeGTGrbs_motifNonerbs_spacerNonegc_cont0689__a49b708189
MSGKPVRLLPAAEADLDRIYAYIEDRSPDAAVDLDDAIEAAIARLTGHPEIGRTADLFAARLRSYPHRSHIVYYLRDDEARVVMVLLHGARDFERILKDRIET,MSGKPVRLLEAAQADLAGIYAYTQDRWGEAQADRYIAELFAAFERIAEHPDIGRTADLFAAGLRSYPHRSHIVYYLRDDEARVVMVLLHGARDFERILKDRIET,de60f875df424f938733d1c9aefe6bf2_1142453-1ID53_1partial00start_typeGTGrbs_motifNonerbs_spacerNonegc_cont0689__4a583b8290
MTRTTTMTVRLSGALSDFVAANVGDDGAYENVSEYIRDLIRRDQERTEQEAFDRLKAELARAFAAPESVYTPLDAAEVIARNRARR,MSGKPVRLLEAAQADLDRIYAYTQDRWGEAQADRYIAELFAAFERIAEHPDIGRTADLFAAGLRSYPHRSHIVYYLRDDEARVVMVLLHGARDFERILKDRIET,de60f875df424f938733d1c9aefe6bf2_2450710-1ID53_2partial00start_typeATGrbs_motifAGGAGrbs_spacer5-10bpgc_cont06_9c11f414d3
MTRTTTMTVRLSGALSDFVAANVGDDGAYENVSEYIRDLIRRDQERTEQEAFDRLKAELARAFAAPESVYTPLDAAEVIARNRARR,MTRTTTMTVRLSGALSDFVAANVGDDGAYENVSEYIRDLIRRDQERTEQEAFDRLKAELARAFAAPESVYTPLDAAEVIARNRARR,de60f875df424f938733d1c9aefe6bf2_2450710-1ID53_2partial00start_typeATGrbs_motifAGGAGrbs_spacer5-10bpgc_cont06_c1076867b3
MTRTTTMTVRLSGALSDFVAANVGDDGAYENVSEYIRDLIRRDQERTEQEAFDRLKAELARAFAAPESVYTPLDAAEVIARNRARR,MSGKPVRLLEAAQADLAGIYAYTQDRWGEAQADRYIAELFAAFERIAEHPDIGRTADLFAAGLRSYPHRSHIVYYLRDDEARVVMVLLHGARDFERILKDRIET,de60f875df424f938733d1c9aefe6bf2_2450710-1ID53_2partial00start_typeATGrbs_motifAGGAGrbs_spacer5-10bpgc_cont06_fd518a4eea
MSGKPVRLLEAAQADLDRIYAYTQDRWGEAQADRYIAELFAAFERIAEHPDIGRTADLFAAGLRSYPHRSHIVYYLRDDEARVVMVLLHGARDFERILKDRIET,MTRTTTMTVRLSGALSDFVAANVGDDGAYENVSEYIRDLIRRDQERTEQEAFDRLKAELARAFAAPESVYTPLDAAEVIARNRARR,de60f875df424f938733d1c9aefe6bf2_37841098-1ID53_3partial00start_typeGTGrbs_motifNonerbs_spacerNonegc_cont0670_d8d9625b04
MSGKPVRLLEAAQADLDRIYAYTQDRWGEAQADRYIAELFAAFERIAEHPDIGRTADLFAAGLRSYPHRSHIVYYLRDDEARVVMVLLHGARDFERILKDRIET,MSGKPVRLLEAAQADLAGIYAYTQDRWGEAQADRYIAELFAAFERIAEHPDIGRTADLFAAGLRSYPHRSHIVYYLRDDEARVVMVLLHGARDFERILKDRIET,de60f875df424f938733d1c9aefe6bf2_37841098-1ID53_3partial00start_typeGTGrbs_motifNonerbs_spacerNonegc_cont0670_21eeb6a9e1
MTRTTTMTVRLSGALSDFVAANVGDDGAYENVSEYIRDLIRRDQERTEQEAFDRLKAELARAFAAPESVYTPLDAAEVIARNRARR,MSGKPVRLLEAAQADLAGIYAYTQDRWGEAQADRYIAELFAAFERIAEHPDIGRTADLFAAGLRSYPHRSHIVYYLRDDEARVVMVLLHGARDFERILKDRIET,de60f875df424f938733d1c9aefe6bf2_410951355-1ID53_4partial00start_typeATGrbs_motifAGGAGrbs_spacer5-10bpgc_cont_9c758ade3e
MAAALEITLSYPAAQAPGLIPRARLAAWAAAALGAPAEVAVRVVDADEGRALNARFRGRDAPTNVLSFPYAELPAPVYGDLVLCAPVVAREAAEQGKSLHAHWAHLTVHGVLHLQGHDHEDDREAERMEACERAILAQLGYPDPYDEGGETPEVQA,MSGKRGLLERLTSALLGEPETREELLDLLRDARARQLIDPDALGMIQGVFELSQMTVRDIMVPRPQVEFIGIEQPLERILALIADTQHSRFPVCGDSGDDILGFVHVKDLLELHAEGHAGTVRELLRPVAFVPESKRALALLKEFRAAGRHLAIVVDEYGGIDGLVTVEDLVEEIVGEIRDEFDVPPEAIVAERPQTFVFEGDMPVREALEGLGLPEDTPAPCATLGGFVLARLGGIPTVGDRVDIDGLRVKILDVGERRIVEVMVREAP,e951f484656c4e06888abe99fe5f8681_23698391ID112_2partial00start_typeATGrbs_motifGGAGGAGGrbs_spacer5-10bpgc_con_fdd6d4e730
MGKTDKLLAKFLNSKKTFEWDELVVLFSSLGYVKKEMQGSRVRFFNAEINHTILMHRPHPESYIKGGTLKAIKQNLKEAGLL,MGKTDKLLAKFLNSKKTFEWDELVVLFSSLGYVKKEMQGSRVRFFNAEINHTILMHRPHPESYIKGGTLKAIKQNLKEAGLL,f37cad9fe6204e7194ce3ac6f7a0a505_2301549-1ID74_2partial00start_typeATGrbs_motifGGAGAGAGGrbs_spacer5-10bpgc_co_5ba304cf69
