Root_ID,Evo Sequence ID 1,Amino Acid Sequence 1,Evo Sequence ID 2,Amino Acid Sequence 2
025f6c7fc2a548b2b07bb14b83a6d28a,025f6c7fc2a548b2b07bb14b83a6d28a_2 # 232 # 495 # -1 # ID=55_2;partial=00;start_type=ATG;rbs_motif=AGGAG;rbs_spacer=5-10bp;gc_cont=0.693,MAHILIRNLDDTVKQRLKARAARNGHSMEEEAREILTRAVLAEAEEPERLGTIIHSRIRPLGGIVLPERTRDVARDMAPFDDDLPPE,025f6c7fc2a548b2b07bb14b83a6d28a_3 # 566 # 961 # -1 # ID=55_3;partial=00;start_type=ATG;rbs_motif=None;rbs_spacer=None;gc_cont=0.720,MFLLDTVIWIDLTRGRVPSDAAALLDRRLVIAPATCWEVAQGLRNRLRFDDAALAEAFLAARGITILPIPAAHADLAAEVLAAHALSHGDRSWTDCTIVALSERLGHLLLTRDKRLLALSGPIPVILVPRT
025f6c7fc2a548b2b07bb14b83a6d28a,025f6c7fc2a548b2b07bb14b83a6d28a_2 # 232 # 495 # -1 # ID=55_2;partial=00;start_type=ATG;rbs_motif=AGGAG;rbs_spacer=5-10bp;gc_cont=0.693,MAHILIRNLDDTVKQRLKARAARNGHSMEEEAREILTRAVLAEAEEPERLGTIIHSRIRPLGGIVLPERTRDVARDMAPFDDDLPPE,025f6c7fc2a548b2b07bb14b83a6d28a_5 # 1321 # 1740 # -1 # ID=55_5;partial=00;start_type=ATG;rbs_motif=None;rbs_spacer=None;gc_cont=0.690,MIVLDTNVISELMRPAPDAKVEAWYDTQSIDDLFLTAITEAEVRYGLAVLPEGKRRTALQTAVEAMLAEDFAGRILPFDSDAARIYAELAALRRRAGRPISQFDAQIAAIARANGATVATRNTKDFEGSGIPVLDPWLG
025f6c7fc2a548b2b07bb14b83a6d28a,025f6c7fc2a548b2b07bb14b83a6d28a_3 # 566 # 961 # -1 # ID=55_3;partial=00;start_type=ATG;rbs_motif=None;rbs_spacer=None;gc_cont=0.720,MFLLDTVIWIDLTRGRVPSDAAALLDRRLVIAPATCWEVAQGLRNRLRFDDAALAEAFLAARGITILPIPAAHADLAAEVLAAHALSHGDRSWTDCTIVALSERLGHLLLTRDKRLLALSGPIPVILVPRT,025f6c7fc2a548b2b07bb14b83a6d28a_5 # 1321 # 1740 # -1 # ID=55_5;partial=00;start_type=ATG;rbs_motif=None;rbs_spacer=None;gc_cont=0.690,MIVLDTNVISELMRPAPDAKVEAWYDTQSIDDLFLTAITEAEVRYGLAVLPEGKRRTALQTAVEAMLAEDFAGRILPFDSDAARIYAELAALRRRAGRPISQFDAQIAAIARANGATVATRNTKDFEGSGIPVLDPWLG
1041e26dc7a943bba5009899f0a7607b,1041e26dc7a943bba5009899f0a7607b_1 # 85 # 972 # -1 # ID=4_1;partial=00;start_type=TTG;rbs_motif=None;rbs_spacer=None;gc_cont=0.455,MIKPKKNQTGFCFAAKGIFKKQAFYLTKQQKKIVGDNNLLTAGVYAGKGGVGKTTTAVNLAVALSKIGKKLVLLDADLHGPSVPRLLGFKNKPELESETGNISAIRYGVTAVSIGNFVRKQDVAIAWRGPMVAKAIEQLASKTEWGELDYLIVDMPPGTGDVSLTLSQKIPTSGAVIVCTPQNLALIDAVKAVAMFKRVGIPVIGYVENMASHTFGNGDGEKLAASYGTGQIAKQSGVPFLGEIPLDMAVRQAADAGAAPLAKQSTDAAEVFSQIGETIAKRLQLDLTPQGFLPA,1041e26dc7a943bba5009899f0a7607b_2 # 984 # 1796 # -1 # ID=4_2;partial=00;start_type=GTG;rbs_motif=GGA/GAG/AGG;rbs_spacer=5-10bp;gc_cont=0.438,MVRLPIDTIFSLKKLALPPEIGISARFLIFGLSGLKRMPRLTAGNLEGKFKMAKSLILKAEARKGMGKGAARQLREEGLIPGVVYGEGKDPESIAVEGREFRKAFEEAGFWSKLIEIEVAGKKHQVLLKDIQRNPATDQPMHADFLRIDKNATITVNMPVVFEGEDESPGIKMGGVLNIVRHEVEVKCAADKIPDAIEVDLSGLEIGNTIHLSAIKLPKGVELAVDEDDFIISIVAPRKLDEPTADETAEEATKETDKNNQDEKANNQPA
321e7b95710a461aa73074139d45d0e4,321e7b95710a461aa73074139d45d0e4_2 # 100 # 651 # 1 # ID=68_2;partial=00;start_type=ATG;rbs_motif=TAA;rbs_spacer=12bp;gc_cont=0.424,MTLGDLFLSFLKIGMFTFGGGYVMLPMIQREVVEKHGWTNHAEFLDLFAIAQSAPGVIAVNLAIYIGYKLRGVMGALIGTLGFIVPSFFIVIGLATAYQTFAQYPQVQSVFNGVNVAVVALVLNTVLKIGKTSLKDKFAWVLAALSFVAFLLVKLPLILLMIGAAGLGLVYSFKKPSNKGNKR,321e7b95710a461aa73074139d45d0e4_3 # 648 # 1202 # 1 # ID=68_3;partial=00;start_type=ATG;rbs_motif=TAAA;rbs_spacer=11bp;gc_cont=0.443,MILLSLFWTFFKIGAFTFGGGYAMIPLIQNEVVQQHHWLSHAEFINMLAVAEVTPGPIAINIATFIGYQMAGILGAIIATVAIFLPSFILVLAITPLLLKFRQSAWVKAVLYGLRPAVLTFLLNSGFVFMQGSAFIESSCGDVFTIAIVIISLVTLTNQRKFSLIGGGLGVLLLLASLGIGWIS
3364a103cc46492490be400b078a2af4,3364a103cc46492490be400b078a2af4_2 # 675 # 1253 # 1 # ID=50_2;partial=00;start_type=ATG;rbs_motif=GGA/GAG/AGG;rbs_spacer=5-10bp;gc_cont=0.758,MTVPTTDPAAADAAPAGETDADVAGKFFPAAFDAAETPGLLVGLVARRYQALYAERLAPLGVAPAQFDILQLLFSEPGLGVTEIARRLMLAPNTVADMVNRLVDRGLVTGAAETGSRHEKIVTATERGREDAAALAEKADAALAYVERVGAREPAAALGAELERTALHERQGLMLRKLLRRAQSRERPTRPA,3364a103cc46492490be400b078a2af4_3 # 1254 # 1862 # -1 # ID=50_3;partial=00;start_type=GTG;rbs_motif=AGGA/GGAG/GAGG;rbs_spacer=11-12bp;gc_cont=0.736,MAHAAIILAGGRATRMGGGDKPLRMIGGRPLLAHVLDRLAPQVDGLALNANGDPARFAAFGLPVIPDTIDGFAGPLAGVLAGLDWAAGQAPDIEWLLSVAGDCPFLPRDLVARLHRARLDTGAELAVAASGDQPHPVVGLWRVALRDALRAALVDEGVRKIDRWTARYRLATVEWPIEPVDPFFNANTIDDLAEAERLAALD
6a85b4dcbab34c1d89a9a16703d720f6,6a85b4dcbab34c1d89a9a16703d720f6_3 # 887 # 1273 # 1 # ID=85_3;partial=00;start_type=ATG;rbs_motif=TAA;rbs_spacer=5bp;gc_cont=0.411,MLPVLWLESADTDLDDITSYIARFDIDAAERLWQRLRGCVLPLSEHPYLYPPSDRVPGLREIVAHPNYIILYRVTTSSVEVVNVIHAKRRFLLSQCANKIIVGYKPATLLYLKSSLYNLILRGYNNDN,6a85b4dcbab34c1d89a9a16703d720f6_5 # 1444 # 1830 # 1 # ID=85_5;partial=00;start_type=ATG;rbs_motif=TAA;rbs_spacer=5bp;gc_cont=0.411,MLPVLWLESADTDLDDITSYIARFDIDAAERLWQRLRGCVLPLSEHPYLYPPSDRVPGLREIVAHPNYIILYRVTTSSVEVVNVIHAKRRFLLSQCANKIIVGYKPATLLYLKSSLYNLILRGYNNDN
7275a3d0d6924ebf9db450ca501b7d8a,7275a3d0d6924ebf9db450ca501b7d8a_2 # 276 # 854 # 1 # ID=99_2;partial=00;start_type=ATG;rbs_motif=GGAGG;rbs_spacer=5-10bp;gc_cont=0.406,MIQRDIEYSGQYSKDVKLAQKRGKDMNKLKYLMTLLINNTLPLPAVYKDHPLQGSWKGYRDAHVEPDWILIYKLTDKLLRFERTGTHAAHYGCGPTFSCNILQLSLQFHIMKTATYTDLRNNLGEYLKMVSQGQKVVLTKNKQVIAVNVAEGRFETPVEVLTDEFFNKADKALDDIKQGKTIPLDELEDLWK,7275a3d0d6924ebf9db450ca501b7d8a_3 # 851 # 1429 # 1 # ID=99_3;partial=00;start_type=ATG;rbs_motif=GGAGG;rbs_spacer=5-10bp;gc_cont=0.402,MIQRDIEYSGQYSKDVKLAQKRGKDMNKLKYLMTLLINNTLPLPAVYKDHPLQGSWKGYRDAHVEPDWILIYKLTDKLLRFERTGTHAAHYGCGPTFSCNILQLSLQFHIMKTATYTDLRNNLGEYLKMVSQGQKVVLTKNKQVIAVNVAEGRFETPVEVLTDEFFNKADKALDDIKQGKTIPLDELEDLWK
7d242641691244fcbbc11e1b25960d51,7d242641691244fcbbc11e1b25960d51_3 # 665 # 1024 # 1 # ID=92_3;partial=00;start_type=ATG;rbs_motif=AGGAG;rbs_spacer=5-10bp;gc_cont=0.428,MDCVFCKIVNGDIPSKKVFEDDKVYAFYDIAPQAPVHILIVPKDHISCADEINKENSVYVAKCFEAIAKIAKEEGLENGYRVVSNCGNDAGQTVPHLHFHILGGTTIPWKTPEGEKEEQ,7d242641691244fcbbc11e1b25960d51_5 # 1306 # 1734 # 1 # ID=92_5;partial=00;start_type=ATG;rbs_motif=AGGAGG;rbs_spacer=5-10bp;gc_cont=0.417,MTAEQIALFLLGALIGSVIGIIVTTKVEGEQERKINERITEFGGDIDDLKEQLKEMNNRMDEMIAEIREFKKTNEELRDEIIKKAQDGTSKLKEAAEDMKEMIKEIDEMNAGGMEKAMNEMTNAMQDIIYLIDNMTGAVEKK
7f0ebae773264495a9f7a87fb557e5f1,7f0ebae773264495a9f7a87fb557e5f1_2 # 550 # 1083 # -1 # ID=66_2;partial=00;start_type=ATG;rbs_motif=GGA/GAG/AGG;rbs_spacer=5-10bp;gc_cont=0.315,MHEKELVKKIKDGDDDAFAQIVKKYQNMAANVAFNIVGNKEDAEEIGQEVFITAYKALNELKDPEKFVSWLYTIVYRKSYKALQKKKKFIPADQFDDVIYDKEENMVMNLEKKEITKALQKAIADIPQRQKTVVILRDYQGFSYEEIADILDIPVRTVESRLYRARKILRKKLKELL,7f0ebae773264495a9f7a87fb557e5f1_3 # 1164 # 1883 # -1 # ID=66_3;partial=00;start_type=ATG;rbs_motif=AGGA;rbs_spacer=5-10bp;gc_cont=0.346,MIEKNQLITLSKNNEPVIVNMDIGYENIENMGVWSVGGTNCLFTNSRMNNDVKKPLDFLEKNRIHITSVFATHGHGDHYGGMGFLLEKLNVKNYLAKFAMKICRLKLEDGAKIQVGSSVLEIVHTPGHSNDSITLVVGNKRIVSGDTFMNAKVFGAVDDLSQYQEILKILKKYIFDNIHDDIYMYPGHGEPFVLDSEKKNLERMKKRIEEYLEIGENPFIANWKDYSFIEFDDEFLIIK
de60f875df424f938733d1c9aefe6bf2,de60f875df424f938733d1c9aefe6bf2_1 # 142 # 453 # -1 # ID=53_1;partial=00;start_type=GTG;rbs_motif=None;rbs_spacer=None;gc_cont=0.689,MSGKPVRLLPAAEADLDRIYAYIEDRSPDAAVDLDDAIEAAIARLTGHPEIGRTADLFAARLRSYPHRSHIVYYLRDDEARVVMVLLHGARDFERILKDRIET,de60f875df424f938733d1c9aefe6bf2_2 # 450 # 710 # -1 # ID=53_2;partial=00;start_type=ATG;rbs_motif=AGGAG;rbs_spacer=5-10bp;gc_cont=0.663,MTRTTTMTVRLSGALSDFVAANVGDDGAYENVSEYIRDLIRRDQERTEQEAFDRLKAELARAFAAPESVYTPLDAAEVIARNRARR
de60f875df424f938733d1c9aefe6bf2,de60f875df424f938733d1c9aefe6bf2_1 # 142 # 453 # -1 # ID=53_1;partial=00;start_type=GTG;rbs_motif=None;rbs_spacer=None;gc_cont=0.689,MSGKPVRLLPAAEADLDRIYAYIEDRSPDAAVDLDDAIEAAIARLTGHPEIGRTADLFAARLRSYPHRSHIVYYLRDDEARVVMVLLHGARDFERILKDRIET,de60f875df424f938733d1c9aefe6bf2_3 # 784 # 1098 # -1 # ID=53_3;partial=00;start_type=GTG;rbs_motif=None;rbs_spacer=None;gc_cont=0.670,MSGKPVRLLEAAQADLDRIYAYTQDRWGEAQADRYIAELFAAFERIAEHPDIGRTADLFAAGLRSYPHRSHIVYYLRDDEARVVMVLLHGARDFERILKDRIET
de60f875df424f938733d1c9aefe6bf2,de60f875df424f938733d1c9aefe6bf2_1 # 142 # 453 # -1 # ID=53_1;partial=00;start_type=GTG;rbs_motif=None;rbs_spacer=None;gc_cont=0.689,MSGKPVRLLPAAEADLDRIYAYIEDRSPDAAVDLDDAIEAAIARLTGHPEIGRTADLFAARLRSYPHRSHIVYYLRDDEARVVMVLLHGARDFERILKDRIET,de60f875df424f938733d1c9aefe6bf2_4 # 1095 # 1355 # -1 # ID=53_4;partial=00;start_type=ATG;rbs_motif=AGGAG;rbs_spacer=5-10bp;gc_cont=0.667,MTRTTTMTVRLSGALSDFVAANVGDDGAYENVSEYIRDLIRRDQERTEQEAFDRLKAELARAFAAPESVYTPLDAAEVIARNRARR
de60f875df424f938733d1c9aefe6bf2,de60f875df424f938733d1c9aefe6bf2_1 # 142 # 453 # -1 # ID=53_1;partial=00;start_type=GTG;rbs_motif=None;rbs_spacer=None;gc_cont=0.689,MSGKPVRLLPAAEADLDRIYAYIEDRSPDAAVDLDDAIEAAIARLTGHPEIGRTADLFAARLRSYPHRSHIVYYLRDDEARVVMVLLHGARDFERILKDRIET,de60f875df424f938733d1c9aefe6bf2_5 # 1429 # 1743 # -1 # ID=53_5;partial=00;start_type=GTG;rbs_motif=None;rbs_spacer=None;gc_cont=0.670,MSGKPVRLLEAAQADLAGIYAYTQDRWGEAQADRYIAELFAAFERIAEHPDIGRTADLFAAGLRSYPHRSHIVYYLRDDEARVVMVLLHGARDFERILKDRIET
de60f875df424f938733d1c9aefe6bf2,de60f875df424f938733d1c9aefe6bf2_2 # 450 # 710 # -1 # ID=53_2;partial=00;start_type=ATG;rbs_motif=AGGAG;rbs_spacer=5-10bp;gc_cont=0.663,MTRTTTMTVRLSGALSDFVAANVGDDGAYENVSEYIRDLIRRDQERTEQEAFDRLKAELARAFAAPESVYTPLDAAEVIARNRARR,de60f875df424f938733d1c9aefe6bf2_3 # 784 # 1098 # -1 # ID=53_3;partial=00;start_type=GTG;rbs_motif=None;rbs_spacer=None;gc_cont=0.670,MSGKPVRLLEAAQADLDRIYAYTQDRWGEAQADRYIAELFAAFERIAEHPDIGRTADLFAAGLRSYPHRSHIVYYLRDDEARVVMVLLHGARDFERILKDRIET
de60f875df424f938733d1c9aefe6bf2,de60f875df424f938733d1c9aefe6bf2_2 # 450 # 710 # -1 # ID=53_2;partial=00;start_type=ATG;rbs_motif=AGGAG;rbs_spacer=5-10bp;gc_cont=0.663,MTRTTTMTVRLSGALSDFVAANVGDDGAYENVSEYIRDLIRRDQERTEQEAFDRLKAELARAFAAPESVYTPLDAAEVIARNRARR,de60f875df424f938733d1c9aefe6bf2_4 # 1095 # 1355 # -1 # ID=53_4;partial=00;start_type=ATG;rbs_motif=AGGAG;rbs_spacer=5-10bp;gc_cont=0.667,MTRTTTMTVRLSGALSDFVAANVGDDGAYENVSEYIRDLIRRDQERTEQEAFDRLKAELARAFAAPESVYTPLDAAEVIARNRARR
de60f875df424f938733d1c9aefe6bf2,de60f875df424f938733d1c9aefe6bf2_2 # 450 # 710 # -1 # ID=53_2;partial=00;start_type=ATG;rbs_motif=AGGAG;rbs_spacer=5-10bp;gc_cont=0.663,MTRTTTMTVRLSGALSDFVAANVGDDGAYENVSEYIRDLIRRDQERTEQEAFDRLKAELARAFAAPESVYTPLDAAEVIARNRARR,de60f875df424f938733d1c9aefe6bf2_5 # 1429 # 1743 # -1 # ID=53_5;partial=00;start_type=GTG;rbs_motif=None;rbs_spacer=None;gc_cont=0.670,MSGKPVRLLEAAQADLAGIYAYTQDRWGEAQADRYIAELFAAFERIAEHPDIGRTADLFAAGLRSYPHRSHIVYYLRDDEARVVMVLLHGARDFERILKDRIET
de60f875df424f938733d1c9aefe6bf2,de60f875df424f938733d1c9aefe6bf2_3 # 784 # 1098 # -1 # ID=53_3;partial=00;start_type=GTG;rbs_motif=None;rbs_spacer=None;gc_cont=0.670,MSGKPVRLLEAAQADLDRIYAYTQDRWGEAQADRYIAELFAAFERIAEHPDIGRTADLFAAGLRSYPHRSHIVYYLRDDEARVVMVLLHGARDFERILKDRIET,de60f875df424f938733d1c9aefe6bf2_4 # 1095 # 1355 # -1 # ID=53_4;partial=00;start_type=ATG;rbs_motif=AGGAG;rbs_spacer=5-10bp;gc_cont=0.667,MTRTTTMTVRLSGALSDFVAANVGDDGAYENVSEYIRDLIRRDQERTEQEAFDRLKAELARAFAAPESVYTPLDAAEVIARNRARR
de60f875df424f938733d1c9aefe6bf2,de60f875df424f938733d1c9aefe6bf2_3 # 784 # 1098 # -1 # ID=53_3;partial=00;start_type=GTG;rbs_motif=None;rbs_spacer=None;gc_cont=0.670,MSGKPVRLLEAAQADLDRIYAYTQDRWGEAQADRYIAELFAAFERIAEHPDIGRTADLFAAGLRSYPHRSHIVYYLRDDEARVVMVLLHGARDFERILKDRIET,de60f875df424f938733d1c9aefe6bf2_5 # 1429 # 1743 # -1 # ID=53_5;partial=00;start_type=GTG;rbs_motif=None;rbs_spacer=None;gc_cont=0.670,MSGKPVRLLEAAQADLAGIYAYTQDRWGEAQADRYIAELFAAFERIAEHPDIGRTADLFAAGLRSYPHRSHIVYYLRDDEARVVMVLLHGARDFERILKDRIET
de60f875df424f938733d1c9aefe6bf2,de60f875df424f938733d1c9aefe6bf2_4 # 1095 # 1355 # -1 # ID=53_4;partial=00;start_type=ATG;rbs_motif=AGGAG;rbs_spacer=5-10bp;gc_cont=0.667,MTRTTTMTVRLSGALSDFVAANVGDDGAYENVSEYIRDLIRRDQERTEQEAFDRLKAELARAFAAPESVYTPLDAAEVIARNRARR,de60f875df424f938733d1c9aefe6bf2_5 # 1429 # 1743 # -1 # ID=53_5;partial=00;start_type=GTG;rbs_motif=None;rbs_spacer=None;gc_cont=0.670,MSGKPVRLLEAAQADLAGIYAYTQDRWGEAQADRYIAELFAAFERIAEHPDIGRTADLFAAGLRSYPHRSHIVYYLRDDEARVVMVLLHGARDFERILKDRIET
e951f484656c4e06888abe99fe5f8681,e951f484656c4e06888abe99fe5f8681_2 # 369 # 839 # 1 # ID=112_2;partial=00;start_type=ATG;rbs_motif=GGAG/GAGG;rbs_spacer=5-10bp;gc_cont=0.775,MAAALEITLSYPAAQAPGLIPRARLAAWAAAALGAPAEVAVRVVDADEGRALNARFRGRDAPTNVLSFPYAELPAPVYGDLVLCAPVVAREAAEQGKSLHAHWAHLTVHGVLHLQGHDHEDDREAERMEACERAILAQLGYPDPYDEGGETPEVQA,e951f484656c4e06888abe99fe5f8681_3 # 836 # 1648 # 1 # ID=112_3;partial=00;start_type=GTG;rbs_motif=GGAGG;rbs_spacer=5-10bp;gc_cont=0.711,MSGKRGLLERLTSALLGEPETREELLDLLRDARARQLIDPDALGMIQGVFELSQMTVRDIMVPRPQVEFIGIEQPLERILALIADTQHSRFPVCGDSGDDILGFVHVKDLLELHAEGHAGTVRELLRPVAFVPESKRALALLKEFRAAGRHLAIVVDEYGGIDGLVTVEDLVEEIVGEIRDEFDVPPEAIVAERPQTFVFEGDMPVREALEGLGLPEDTPAPCATLGGFVLARLGGIPTVGDRVDIDGLRVKILDVGERRIVEVMVREAP
f37cad9fe6204e7194ce3ac6f7a0a505,f37cad9fe6204e7194ce3ac6f7a0a505_2 # 301 # 549 # -1 # ID=74_2;partial=00;start_type=ATG;rbs_motif=GGA/GAG/AGG;rbs_spacer=5-10bp;gc_cont=0.378,MGKTDKLLAKFLNSKKTFEWDELVVLFSSLGYVKKEMQGSRVRFFNAEINHTILMHRPHPESYIKGGTLKAIKQNLKEAGLL,f37cad9fe6204e7194ce3ac6f7a0a505_4 # 1149 # 1397 # -1 # ID=74_4;partial=00;start_type=ATG;rbs_motif=GGA/GAG/AGG;rbs_spacer=5-10bp;gc_cont=0.378,MGKTDKLLAKFLNSKKTFEWDELVVLFSSLGYVKKEMQGSRVRFFNAEINHTILMHRPHPESYIKGGTLKAIKQNLKEAGLL
