Sequence,Description
GTATGGGTCAAAGCAATCTTGCGCTGGACTCCGGCGACCGGGGATGGATCGGTTATGGTGTCGGGAAGGCGTTGACGCTCGGCGAGACTGCGGGCGATTTCCGCGATGGCGCCCGGCGCCAGCAATTCGTAGTCCTCCGACAACACGCCGGGAACCTTGATGGGATCAGCGCCAATCGGCAGACAGGAAATCGCTCCTGAGCAGTCAGCCCCTAGATGGCTTAACAGGCCGACGATATCGTCCCGCGCCAGCCCCTCACGATCCATCACCCGCTGCATCTGATCGTTTTCAGGGAGAAGGTTGTCGAAAAAGGCCCGCGCTGTCACATCGCCGAAGCTTACCTGTTCAAGCGGCATGGATAGCGACAAAGGCGGCCCGCCCGCAGCAATGTAACGGTCGTCGTAAGCGAAGCTGATGGCCCGCGCCTCGTCCGACGCGAGGTAGCCAGCAGGTAGATTAAAACCGTCCATGCGGACGATCAGGCCTGCGGGCCCACTCAT,T10075 NC_011916:c2978812-2977478 [Caulobacter vibrioides NA1000]
CTCAAGATGTCGCGCAGGGCGTCGGCCTTGTCCGCATCGGCGAACGAGGCGCGCAGGTCGTGGCGATGGGTCAGAACCTCAGAGGCCAGGGTCACCAGGGCGTCGATGTCGATCTTGCTGGAGACCCGCCGACGCGGCCCCGCCATCGGCGAGAACTCCAGCGCCCCCATGCCCCGGCGGCCGGTGTAGCAAAGGCGCTCGACGGCGTTGAAGCTCTCGGGGCTGCGACCTTGCGTGGCCAGCCAGGCGTCGATCAGCACATGGCCGTACTTGTCCGGCAGGGCGTCGGCCAGCATGCCGGGCAGGCCATGGAAGCTGCGCGGCGGCAGATCGGGAAAGCTGAACACGCCGGCCTTCAGCGGCATCATCAGCGGGGCGGGCTGGATTCCGCTGGCGATAAAGCTCGGCTCATAGGCGAAGACCGCCGTCTCCGCGCCGTCCTCCAGCGACACTGCGCCGATCCGGCTGCCCCACAGGCGAACCTCGGCGACGGTGGTCAT,T10076 NC_011916:c3011597-3010290 [Caulobacter vibrioides NA1000]
TTAGGGAAACTGGCGTCTTGCGTGGATCACGTTTACTACTTCAACGCTTGATGTTGTTACGCGGTATAGAATTATATAGTTAGGGTGGGCTACAATCTCACGCAAGCCAGGTACTCTGTCGCTTGGTGGGTATAAATACGGATGTTCGGATAACGGCAGCACACAACCCCTTAATCGCTGCCATAAGCGTTCAGCCGCATCTATGTCGAAACGAGCAATATAACTAGTTATATCATCTAGGTCGGTATCTGCGCTTTCAAGCCATAACACGGGTAACAT,T1008 NC_002695:2249244-2249522 [Escherichia coli O157:H7 str. Sakai]
TTACCCAAAGAGCGCCGCGTGAGTTCCAGTTCTCTCAAATCGTAAAAGTTTATCGGTAAGTTTGTAAATCAGGATCCAGTCCGGTTCGACATGAGCATCGCGATAACCTTTCCATGAACCTTGCAGCGGGTGGTCTTTATAAACAGCTGGAAGCGGTAAAGTATTATTGATAAGAAGCGTCATAAGATATTTCAATTTATTCATATCCTTATGACGCTTTTGTGCAAGTTTTACATCCTTTGAATATTGTCCCGAGTATTCAATATCCCTTTGAATCAT,T1038 NC_000913:c246239-245961 [Escherichia coli str. K-12 substr. MG1655]
TCGCCAGCTCGAAGACAACGCGCCACGCGTGAAGCGGCTCGATCTGGTCGCCGGGCCCAACGGCGCCGGCAAGTCGACGTTCGTCGCCCTCACGCTGGCGCCCTTGCTGCCCGGCATCGTCTTCGTCAACGCCGACGAAATCGCCAAACAACGCTGGCCCGACGACCCAACATCGCACGCCTACCAGGCGGCGCAGGTCGCCGCCGACACCCGCGCGAGGCTCATCGACTTGGGCCGGCCGTTCATTGCCGAGACGGTGTTCTCGCACCCATCGAAGCTCGAGCTCATCCGCACCGCGCGCACGGCCGGCTACACCGTCGTACTGCACGTGTTGGTTATCCCCGAAGGCCTGGCGGTCGAGCGCGTCAGGCATCGCGTCGCCGCGGGCGGCCACGATGTGCCGGAGACCAAGATCCGCGAGCGTCACCGCCGGCTGGCCGAGCTTGTCGCCCAGGCCATCACGCTGGCCGACGGCGCCACCGTCTATGACAACAGCCGGC,"NC_000962.3:444344-444843_upstream NC_000962.3:444344-444843 Mycobacterium tuberculosis H37Rv, complete genome"
GTTTTCGCGTTTTCGACGTCGCTGACTCGACTTACCTCGGTGCTGTCTCATCGCTCGGCCGAGATGGCGCTACATCGGGCCAACGCTAGGGTGACCGACCGCTACGGCGGTACGTTCATCGGCCGTAGTGTCGCCGCCCTGCTGGCCCCGCCGCATGGCAACGCGTTACGCGGCGCGGTGGTGATCATCGCCTCCGACGGCTGGGACAGCGATCCGCCCGACGTGTTGGTGCACGCACTGACCAGGGTGCGTCGCCGCGCCGAGTTGCTGGTCTGGCTGAACCCTCGCGCGGCACATCCGGAGTTCCAGCCGCGTGCCGGTTCGATGGCGGCGGCGCTGCCCTATTGCGACCTGTTCCTGCCGGCGCACTCGCTGGCCGGCCTGCACCAGTTGCTGCTGGCGCTGGCCGGTGCCCGCTAGCCGTGTGCGCCCCTCACCACAGCTCGGTGTAGCACTTTGCTATAAGCTGTAACAGATCGCTACACCCGAGGAGAGATGTC,"NC_000962.3:445234-445733_downstream NC_000962.3:445234-445733 Mycobacterium tuberculosis H37Rv, complete genome"
CGACAAGCTTTTGGAGAATCGCAACCGACGCCAGGACCTATGAAGCGGACGACCTGTCAGGCGCCGGCGCCAAGATCACCGGGGGCCGGTGGAATGAGGTCGGCGTCGCCATCGTCTATGCGGCGAGCAGCCGGGCACTCGCCTGCCTGGAGACGGTCGTTCATCTGAACTCGGGTGGGTTGCCGCTCAATCGCTACCTCGTCGAAATCGAGGTGCCGGACGAGGTGCTGGCATCAGCGGAGGTCGCGACACCCGGCAATCTCCCGGTCGGCTGGGATGCCGAACCGGCGGGACGGGTCAGCATCTCATTCGGATCGCAATGGGCGCAGAGCCAAAGGACAGCGCTGCTGCTCGTCCCTTCCGTCATTGTGCCAGAGGAGACTAATCTCCTCATCAATCCCGCGCACCCCGATGCCAAGGGGATCAAGGCCCGGAAGGTGCGCAAATGGCTCTATGATCCAAGGATGATCCGCAAGGCGTGATCTTCTCTGGCAGCGTTA,"NZ_CP010954.1:3826172-3826671_upstream NZ_CP010954.1:3826172-3826671 Sphingobium sp. YBL2 chromosome, complete genome"
CTTCCCTCCAGCGTCACTATGAAAGCCTCGGTTGGCCTGCCTCCCCTGAGGACAAGCCGCAAATGTGGGGAGACATTTCGCTCGCCCGCAACGCCTCGCGGGTCGCCTTTCCGATCCTCATGCAGGCCGCCGACGGCGAATATCTCGTGGCCTTGGAAACAGTCAGGGCTCTGCGGGCCGCGAAACACCCGATCGATCTCTACGTCTTCCCCGATGAGGTCCACATCAAGCGTCACCCCGCTCATCGGGCGGGCATCTACAAGCGGAACCTGCGATGGTTCGATTTCTGGCTGAGGGGTAAGCGTCCCGACCCTTCGGATGACGATGCGCCCGAAGTCGATCGCTGGGCCGAGATGCGGCGGGCGGCACAGGATCAAGCCGCCGTCGGCGAAAACCGGCCGGTCGGCAGCTGATGGGCGACCGATGGCATGGCTGCCTCCACCGCCTTCCTTGCGAATGACGCTCAAAGGAGCTATATAAATGCTCAAAGGAGCATTGCC,"NZ_CP010954.1:3827152-3827651_downstream NZ_CP010954.1:3827152-3827651 Sphingobium sp. YBL2 chromosome, complete genome"
TTGCCCTTGTTTTTATGCCCTGTAAGGGCATGGGAGGCGCTTTGCGCCGGAAGCCCCGCAGCGCAGCGAGGACTTAAAAAGCGTTACGGCTTCAGCCGTAACAATTCCCAGCCCTGCCAGGCCTGTTTTTTCTTTCACAAATCTTTCAGCTATACGTTTGCCTGATGGTCGAAGACGAAAGAATCTTTCAGCAACGAAATCTGGACATATGCAGCGACGATTTTATAGCCAGGCACAGTGCCACATATGGTACAATCAATGCAGGATAGACAATCCGATGTCAAATGTTAACATTTGAATCAGATTGTCCAAAAACGATGTTTTTGCCTGTGCCTGCCGCAGGCTCTGTTGGGGTGACTTATGAAGATGATAGCGTTCAGGCTAAGTGATGATGAGTTAAAATTTGCAGAACATAACGCTATTTTAAGTGGATTTACCAGTATCAATGCTTTTGCTAAGCATAACGTGCTTAATATTGAAACCAAGCCTGTTAACATCCC,"JN194214.1:29688-30187_upstream JN194214.1:29688-30187 Escherichia coli strain JIE143 transconjugant Tx143 plasmid pJIE143, complete sequence"
CAATCAAAACTGAATGAGGTTTTTAAATGTCAACGCGGCAGATCGTACAGCTTGCTGATTCCCTTGTCAAAGGCTGGGAAACCAGAATTCCGGCAATGAAATTTAGCGAATGGGATCAATTCCGGTGGTGGTTAAACTACTTGCAAGGGTATGAAATGTTTTAAATAAAAAAAGGGGCTTTCTGCCCCTTTGTATTTTTTGACAAAAATGCCATGTGTAACTATAATTAGTTGCATATCTATAGGGGATGGATTTATGGGGAAAACAGATAAGCTACTGGCAAAGTTTTTAAACAGTAAAAAAACGTTTGAATGGGATGAACTGGTCGTTTTGTTTTCCTCTTTGGGATATGTCAAAAAGGAAATGCAGGGGTCAAGAGTGCGGTTTTTCAATGCTGAAATCAATCACACCATATTAATGCATCGTCCACATCCGGAAAGTTATATCAAAGGTGGTACGCTGAAAGCAATTAAACAGAATCTGAAAGAGGCTGGATTATT,"JN194214.1:30536-31035_downstream JN194214.1:30536-31035 Escherichia coli strain JIE143 transconjugant Tx143 plasmid pJIE143, complete sequence"
ATGAGCTTTACCGTCGTGTTTTCCGAGCAGGCCAAGGATCAGCTCCGAAAGCTGGATCGCCCTGCTGCAAAGCGCATTCTGAAATTCATGCATGAGCGCATCGCCACACTAGACGATCCGCGCAGCATCGGTGAAGCCTTGAAGGGCTCGCGATTAGGTGAGTTCTGGAAGTATCGCGTGGGAGATTACCGCATCATTGCCAGCATTGAGGATGCGCAGTTGCGCATTCTTGTCGTGCGCATTGGCAATCGTCGTGAAGTGTATCGCTAG,EvoRelE1
CTAGCGATACACTTCACGACGATTGCCAATGCGCACGACAAGAATGCGCAACTGCGCATCCTCAATGCTGGCAATGATGCGGTAATCTCCCACGCGATACTTCCAGAACTCACCTAATCGCGAGCCCTTCAAGGCTTCACCGATGCTGCGCGGATCGTCTAGTGTGGCGATGCGCTCATGCATGAATTTCAGAATGCGCTTTGCAGCAGGGCGATCCAGCTTTCGGAGCTGATCCTTGGCCTGCTCGGAAAACACGACGGTAAAGCTCAT,EvoRelE1 RC